id,first_name,email,age,height,married,registration_date,purchase_time
8225023447,Paulita,pgobeau0@hhs.gov,27,4.1,true,2023-06-03,2023-06-06 14:29:49
6502649130,Carmelia,ctorpie1@census.gov,27,6.6,true,2024-01-17,2023-10-03 19:42:44
5997874427,Cory,cmosdill2@engadget.com,12,7.0,false,2023-05-28,2024-04-19 11:53:17
1427729379,Obed,oternent3@nyu.edu,95,,false,2024-03-05,2023-09-10 19:04:14
6311044498,Isacco,iscoggin4@loc.gov,33,3.6,,,2023-09-24 04:27:18
8392034880,Alair,asellor5@cmu.edu,16,5.6,true,2023-12-29,2023-08-29 18:17:30
7468060029,Maridel,mhodgon6@godaddy.com,30,3.8,true,2023-08-16,2023-12-12 03:58:41
9692615774,Toni,tlarder7@theatlantic.com,8,5.1,true,2023-09-22,2023-05-07 00:47:19
7667503117,Katie,kmurthwaite8@economist.com,,1.9,false,,2023-12-11 03:04:53
7845158798,Philipa,pyearn9@hatena.ne.jp,97,2.2,false,2023-09-30,2023-06-26 08:21:07
2025941331,Corrinne,cdwighta@usa.gov,65,1.3,false,2023-10-10,2024-01-10 03:30:16
8582868049,Johan,jharroldb@dailymotion.com,,2.3,false,2024-02-04,2023-11-26 17:35:37
4665767882,Herbert,hhansburyc@nationalgeographic.com,52,3.4,false,2023-11-11,2023-09-20 03:30:32
,Katti,kgennerichd@prweb.com,91,5.1,,2024-01-25,2024-02-10 15:07:31
1544007914,Alli,,69,1.9,true,2023-05-13,2023-07-14 17:42:07
0332898091,Tad,tjankof@cisco.com,91,6.3,,2023-06-25,2023-08-13 12:53:47
1585617202,Cris,cgiuronig@macromedia.com,34,3.9,true,2024-01-05,2024-02-08 09:38:53
9865414376,Isidore,,41,2.9,true,2023-06-15,2023-08-16 10:47:19
3119726478,Roxana,rcaugheyi@trellian.com,10,6.8,true,2023-07-03,
,Koressa,,99,4.5,false,2024-01-11,2023-08-13 20:41:32
4058707984,Francoise,fplosek@slate.com,34,2.9,false,,2023-04-25 20:14:57
8962437503,Lonni,ldundinl@answers.com,19,1.3,,2023-06-18,2023-08-16 13:04:02
,,bpowdrellm@chron.com,18,2.3,true,2023-11-05,2023-08-20 03:53:35
1367208599,Darci,draintonn@hugedomains.com,44,3.8,false,2023-05-18,2023-07-23 00:17:07
9060047834,Ignaz,iabelevitzo@4shared.com,31,2.0,false,2023-06-15,2023-09-29 09:46:59
8313330953,Berta,,42,,,2023-05-12,2023-07-28 22:00:56
9355706340,Ashleigh,aomullaneq@sfgate.com,71,4.9,true,2023-10-18,2023-09-09 18:26:58
6567321776,Jase,jscraser@trellian.com,77,2.3,false,2023-05-29,2024-04-07 00:30:11
1852652101,Gamaliel,gprobyns@economist.com,26,4.6,true,2023-09-23,2024-04-06 23:47:14
2073514456,Shawnee,sszymanowskit@amazonaws.com,77,5.1,true,2023-07-18,2024-02-20 08:02:13
3613365928,,,74,6.2,false,2023-07-07,2023-08-06 07:03:07
3477571797,,fmaccoveneyv@a8.net,86,4.1,true,,
5426062277,Fanchon,fflaonierw@geocities.com,62,3.0,false,2023-12-14,2023-05-26 22:24:03
4473242072,Roby,rharcarsex@webs.com,99,3.5,true,2024-03-14,2023-11-12 12:50:27
3836462176,Colver,clittledikey@cmu.edu,,,true,2024-02-28,2023-10-01 17:54:26
3728146137,Tobey,tbirtwhistlez@themeforest.net,35,4.3,false,2024-02-24,2023-11-15 12:34:36
2484966857,,rpetty10@wikimedia.org,75,5.0,true,2023-07-14,2023-09-06 06:14:14
8159607520,,ggisborne11@house.gov,75,3.0,true,,2023-11-03 10:45:29
2507462728,Kevina,kstraker12@trellian.com,75,,false,2023-10-06,2023-08-05 10:35:36
7001995282,Zena,zagge13@bbb.org,30,2.2,,2023-07-24,2024-03-10 00:32:11
4213745279,Dall,dszanto14@jiathis.com,33,6.6,false,2023-07-17,2023-11-06 12:01:10
1922669172,Calida,,32,1.5,false,2024-01-18,2023-05-15 23:37:33
4859614593,Tammara,tgandey16@hao123.com,29,3.7,true,2023-10-14,2024-01-06 00:40:36
5721540176,Filberte,fleyson17@mozilla.org,,6.6,false,2023-09-10,2023-09-09 14:47:22
1676043829,Teddy,,74,4.3,false,2023-12-12,2023-06-24 05:26:17
5643065290,Sephira,sbrunone19@economist.com,64,2.3,true,2024-04-21,2024-01-27 11:54:00
0313643717,,,80,3.3,true,2023-09-08,2023-04-28 23:22:43
0763424064,Caty,csalter1b@ovh.net,70,4.8,false,2023-04-27,2024-04-05 04:06:49
7819919450,Lila,lmillgate1c@nydailynews.com,25,6.2,true,2024-02-26,2023-07-02 04:28:22
8486280796,Wren,wdisney1d@techcrunch.com,83,2.9,true,2023-07-11,2023-05-12 01:20:23
